净值日期,单位净值,日增长率
2017-06-07,1.0,0.0
2017-06-09,1.0,0.0
2017-06-16,1.001,0.0
2017-06-23,1.001,0.0
2017-06-30,1.002,0.0
2017-07-06,1.002,0.0
2017-07-07,1.003,0.0998
2017-07-10,1.006,0.2991
2017-07-11,1.001,-0.497
2017-07-12,1.015,1.3986
2017-07-13,1.012,-0.2956
2017-07-14,1.019,0.6917
2017-07-17,1.004,-1.472
2017-07-18,1.007,0.2988
2017-07-19,1.019,1.1917
2017-07-20,1.032,1.2758
2017-07-21,1.041,0.8721
2017-07-24,1.021,-1.9212
2017-07-25,1.018,-0.2938
2017-07-26,1.019,0.0982
2017-07-27,1.009,-0.9814
2017-07-28,1.036,2.6759
2017-07-31,1.055,1.834
2017-08-01,1.061,0.5687
2017-08-02,1.057,-0.377
2017-08-03,1.05,-0.6623
2017-08-04,1.016,-3.2381
2017-08-07,1.032,1.5748
2017-08-08,1.02,-1.1628
2017-08-09,1.034,1.3725
2017-08-10,1.017,-1.6441
2017-08-11,0.987,-2.9499
2017-08-14,1.036,4.9645
2017-08-15,1.045,0.8687
2017-08-16,1.034,-1.0526
2017-08-17,1.041,0.677
2017-08-18,1.018,-2.2094
2017-08-21,1.027,0.8841
2017-08-22,1.04,1.2658
2017-08-23,1.027,-1.25
2017-08-24,1.019,-0.779
2017-08-25,1.038,1.8646
2017-08-28,1.06,2.1195
2017-08-29,1.055,-0.4717
2017-08-30,1.063,0.7583
2017-08-31,1.084,1.9755
2017-09-01,1.105,1.9373
2017-09-04,1.106,0.0905
2017-09-05,1.142,3.255
2017-09-06,1.18,3.3275
2017-09-07,1.165,-1.2712
2017-09-08,1.166,0.0858
2017-09-11,1.226,5.1458
2017-09-12,1.192,-2.7732
2017-09-13,1.211,1.594
2017-09-14,1.199,-0.9909
2017-09-15,1.191,-0.6672
2017-09-18,1.209,1.5113
2017-09-19,1.203,-0.4963
2017-09-20,1.223,1.6625
2017-09-21,1.206,-1.39
2017-09-22,1.189,-1.4096
2017-09-25,1.17,-1.598
2017-09-26,1.178,0.6838
2017-09-27,1.213,2.9711
2017-09-28,1.213,0.0
2017-09-29,1.208,-0.4122
2017-10-09,1.208,0.0
2017-10-10,1.194,-1.1589
2017-10-11,1.176,-1.5075
2017-10-12,1.167,-0.7653
2017-10-13,1.177,0.8569
2017-10-16,1.176,-0.085
2017-10-17,1.166,-0.8503
2017-10-18,1.149,-1.458
2017-10-19,1.156,0.6092
2017-10-20,1.19,2.9412
2017-10-23,1.185,-0.4202
2017-10-24,1.186,0.0844
2017-10-25,1.18,-0.5059
2017-10-26,1.186,0.5085
2017-10-27,1.186,0.0
2017-10-30,1.168,-1.5177
2017-10-31,1.198,2.5685
2017-11-01,1.216,1.5025
2017-11-02,1.221,0.4112
2017-11-03,1.214,-0.5733
2017-11-06,1.214,0.0
2017-11-07,1.211,-0.2471
2017-11-08,1.222,0.9083
2017-11-09,1.216,-0.491
2017-11-10,1.221,0.4112
2017-11-13,1.217,-0.3276
2017-11-14,1.184,-2.7116
2017-11-15,1.138,-3.8851
2017-11-16,1.134,-0.3515
2017-11-17,1.112,-1.94
2017-11-20,1.142,2.6978
2017-11-21,1.143,0.0876
2017-11-22,1.144,0.0875
2017-11-23,1.121,-2.0105
2017-11-24,1.128,0.6244
2017-11-27,1.076,-4.6099
2017-11-28,1.095,1.7658
2017-11-29,1.09,-0.4566
2017-11-30,1.089,-0.0917
2017-12-01,1.095,0.551
2017-12-04,1.088,-0.6393
2017-12-05,1.068,-1.8382
2017-12-06,1.068,0.0
2017-12-07,1.048,-1.8727
2017-12-08,1.066,1.7176
2017-12-11,1.093,2.5328
2017-12-12,1.107,1.2809
2017-12-13,1.103,-0.3613
2017-12-14,1.102,-0.0907
2017-12-15,1.081,-1.9056
2017-12-18,1.064,-1.5726
2017-12-19,1.069,0.4699
2017-12-20,1.069,0.0
2017-12-21,1.083,1.3096
2017-12-22,1.087,0.3693
2017-12-25,1.078,-0.828
2017-12-26,1.079,0.0928
2017-12-27,1.087,0.7414
2017-12-28,1.087,0.0
2017-12-29,1.089,0.184
2017-12-31,1.089,0.0
2018-01-02,1.096,0.6428
2018-01-03,1.132,3.2847
2018-01-04,1.146,1.2367
2018-01-05,1.145,-0.0873
2018-01-08,1.158,1.1354
2018-01-09,1.145,-1.1226
2018-01-10,1.126,-1.6594
2018-01-11,1.138,1.0657
2018-01-12,1.123,-1.3181
2018-01-15,1.079,-3.9181
2018-01-16,1.087,0.7414
2018-01-17,1.068,-1.7479
2018-01-18,1.077,0.8427
2018-01-19,1.08,0.2786
2018-01-22,1.089,0.8333
2018-01-23,1.104,1.3774
2018-01-24,1.107,0.2717
2018-01-25,1.103,-0.3613
2018-01-26,1.104,0.0907
2018-01-29,1.092,-1.087
2018-01-30,1.061,-2.8388
2018-01-31,1.07,0.8483
2018-02-01,1.044,-2.4299
2018-02-02,1.059,1.4368
2018-02-05,1.051,-0.7554
2018-02-06,1.012,-3.7108
2018-02-07,0.974,-3.7549
2018-02-08,0.963,-1.1294
2018-02-09,0.913,-5.1921
2018-02-12,0.937,2.6287
2018-02-13,0.949,1.2807
2018-02-14,0.965,1.686
2018-02-22,0.996,3.2124
2018-02-23,1.006,1.004
2018-02-26,1.024,1.7893
2018-02-27,1.007,-1.6602
2018-02-28,1.032,2.4826
2018-03-01,1.035,0.2907
2018-03-02,1.033,-0.1932
2018-03-05,1.052,1.8393
2018-03-06,1.052,0.0
2018-03-07,1.055,0.2852
2018-03-08,1.042,-1.2322
2018-03-09,1.069,2.5912
2018-03-12,1.115,4.3031
2018-03-13,1.111,-0.3587
2018-03-14,1.108,-0.27
2018-03-15,1.116,0.722
2018-03-16,1.101,-1.3441
2018-03-19,1.107,0.545
2018-03-20,1.104,-0.271
2018-03-21,1.082,-1.9928
2018-03-22,1.084,0.1848
2018-03-23,1.009,-6.9188
2018-03-26,1.045,3.5679
2018-03-27,1.074,2.7751
2018-03-28,1.053,-1.9553
2018-03-29,1.05,-0.2849
2018-03-30,1.066,1.5238
2018-04-02,1.061,-0.469
2018-04-03,1.056,-0.4713
2018-04-04,1.042,-1.3258
2018-04-09,1.038,-0.3839
2018-04-10,1.06,2.1195
2018-04-11,1.061,0.0943
2018-04-12,1.036,-2.3563
2018-04-13,1.034,-0.1931
2018-04-16,1.019,-1.4507
2018-04-17,0.979,-3.9254
2018-04-18,1.0,2.145
2018-04-19,1.007,0.7
2018-04-20,0.989,-1.7875
2018-04-23,0.986,-0.3033
2018-04-24,1.022,3.6511
2018-04-25,1.014,-0.7828
2018-04-26,0.983,-3.0572
2018-04-27,0.989,0.6104
2018-05-02,0.992,0.3033
2018-05-03,0.997,0.504
2018-05-04,0.99,-0.7021
2018-05-07,1.034,4.4444
2018-05-08,1.043,0.8704
2018-05-09,1.044,0.0959
2018-05-10,1.053,0.8621
2018-05-11,1.088,3.3238
2018-05-14,1.1,1.1029
2018-05-15,1.116,1.4545
2018-05-16,1.102,-1.2545
2018-05-17,1.098,-0.363
2018-05-18,1.101,0.2732
2018-05-21,1.111,0.9083
2018-05-22,1.116,0.45
2018-05-23,1.094,-1.9713
2018-05-24,1.099,0.457
2018-05-25,1.063,-3.2757
2018-05-28,1.062,-0.0941
2018-05-29,1.061,-0.0942
2018-05-30,1.018,-4.0528
2018-05-31,1.025,0.6876
2018-06-01,1.016,-0.878
2018-06-04,0.969,-4.626
2018-06-05,1.008,4.0248
2018-06-06,1.035,2.6786
2018-06-07,1.041,0.5797
2018-06-08,1.039,-0.1921
2018-06-11,1.043,0.385
2018-06-12,1.033,-0.9588
2018-06-13,1.015,-1.7425
2018-06-14,1.015,0.0
2018-06-15,0.984,-3.0542
2018-06-19,0.916,-6.9106
2018-06-20,0.944,3.0568
2018-06-21,0.909,-3.7076
2018-06-22,0.954,4.9505
2018-06-25,0.967,1.3627
2018-06-26,0.984,1.758
2018-06-27,0.97,-1.4228
2018-06-28,0.948,-2.268
2018-06-29,0.988,4.2194
2018-06-30,0.988,0.0
2018-07-02,0.97,-1.8219
2018-07-03,0.969,-0.1031
2018-07-04,0.934,-3.612
2018-07-05,0.919,-1.606
2018-07-06,0.922,0.3264
2018-07-09,0.941,2.0607
2018-07-10,0.962,2.2317
2018-07-11,0.974,1.2474
2018-07-12,0.991,1.7454
2018-07-13,0.997,0.6054
2018-07-16,0.982,-1.5045
2018-07-17,1.003,2.1385
2018-07-18,0.983,-1.994
2018-07-19,0.977,-0.6104
2018-07-20,0.996,1.9447
2018-07-23,1.015,1.9076
2018-07-24,1.019,0.3941
2018-07-25,0.997,-2.159
2018-07-26,0.981,-1.6048
2018-07-27,0.97,-1.1213
2018-07-30,0.959,-1.134
2018-07-31,0.939,-2.0855
2018-08-01,0.915,-2.5559
2018-08-02,0.898,-1.8579
2018-08-03,0.883,-1.6704
2018-08-06,0.857,-2.9445
2018-08-07,0.877,2.3337
2018-08-08,0.859,-2.0525
2018-08-09,0.888,3.376
2018-08-10,0.895,0.7883
2018-08-13,0.899,0.4469
2018-08-14,0.889,-1.1123
2018-08-15,0.864,-2.8121
2018-08-16,0.856,-0.9259
2018-08-17,0.843,-1.5187
2018-08-20,0.855,1.4235
2018-08-21,0.861,0.7018
2018-08-22,0.835,-3.0197
2018-08-23,0.855,2.3952
2018-08-24,0.841,-1.6374
2018-08-27,0.857,1.9025
2018-08-28,0.867,1.1669
2018-08-29,0.855,-1.3841
2018-08-30,0.846,-1.0526
2018-08-31,0.829,-2.0095
2018-09-03,0.828,-0.1206
2018-09-04,0.835,0.8454
2018-09-05,0.812,-2.7545
2018-09-06,0.806,-0.7389
2018-09-07,0.809,0.3722
2018-09-10,0.781,-3.4611
2018-09-11,0.786,0.6402
2018-09-12,0.804,2.2901
2018-09-13,0.815,1.3682
2018-09-14,0.822,0.8589
2018-09-17,0.805,-2.0681
2018-09-18,0.826,2.6087
2018-09-19,0.842,1.937
2018-09-20,0.846,0.4751
2018-09-21,0.866,2.3641
2018-09-25,0.858,-0.9238
2018-09-26,0.866,0.9324
2018-09-27,0.846,-2.3095
2018-09-28,0.852,0.7092
2018-10-08,0.805,-5.5164
2018-10-09,0.794,-1.3665
2018-10-10,0.792,-0.2519
2018-10-11,0.741,-6.4394
2018-10-12,0.746,0.6748
2018-10-15,0.751,0.6702
2018-10-16,0.735,-2.1305
2018-10-17,0.745,1.3605
2018-10-18,0.736,-1.2081
2018-10-19,0.759,3.125
2018-10-22,0.795,4.7431
2018-10-23,0.771,-3.0189
2018-10-24,0.78,1.1673
2018-10-25,0.779,-0.1282
2018-10-26,0.771,-1.027
2018-10-29,0.759,-1.5564
2018-10-30,0.771,1.581
2018-10-31,0.778,0.9079
2018-11-01,0.782,0.5141
2018-11-02,0.808,3.3248
2018-11-05,0.81,0.2475
2018-11-06,0.805,-0.6173
2018-11-07,0.807,0.2484
2018-11-08,0.8,-0.8674
2018-11-09,0.802,0.25
2018-11-12,0.829,3.3666
2018-11-13,0.841,1.4475
2018-11-14,0.834,-0.8323
2018-11-15,0.844,1.199
2018-11-16,0.85,0.7109
2018-11-19,0.853,0.3529
2018-11-20,0.83,-2.6964
2018-11-21,0.838,0.9639
2018-11-22,0.833,-0.5967
2018-11-23,0.807,-3.1212
2018-11-26,0.811,0.4957
2018-11-27,0.823,1.4797
2018-11-28,0.847,2.9162
2018-11-29,0.833,-1.6529
2018-11-30,0.845,1.4406
2018-12-03,0.859,1.6568
2018-12-04,0.862,0.3492
2018-12-05,0.865,0.348
2018-12-06,0.854,-1.2717
2018-12-07,0.855,0.1171
2018-12-10,0.852,-0.3509
2018-12-11,0.857,0.5869
2018-12-12,0.866,1.0502
2018-12-13,0.872,0.6928
2018-12-14,0.85,-2.5229
2018-12-17,0.844,-0.7059
2018-12-18,0.841,-0.3555
2018-12-19,0.83,-1.308
2018-12-20,0.83,0.0
2018-12-21,0.824,-0.7229
2018-12-24,0.829,0.6068
2018-12-25,0.82,-1.0856
2018-12-26,0.815,-0.6098
2018-12-27,0.813,-0.2454
2018-12-28,0.814,0.123
2018-12-31,0.814,0.0
2019-01-02,0.809,-0.6143
2019-01-03,0.805,-0.4944
2019-01-04,0.83,3.1056
2019-01-07,0.838,0.9639
2019-01-08,0.842,0.4773
2019-01-09,0.837,-0.5938
2019-01-10,0.829,-0.9558
2019-01-11,0.835,0.7238
2019-01-14,0.827,-0.9581
2019-01-15,0.843,1.9347
2019-01-16,0.847,0.4745
2019-01-17,0.839,-0.9445
2019-01-18,0.845,0.7151
2019-01-21,0.847,0.2367
2019-01-22,0.836,-1.2987
2019-01-23,0.837,0.1196
2019-01-24,0.84,0.3584
2019-01-25,0.846,0.7143
2019-01-28,0.838,-0.9456
2019-01-29,0.834,-0.4773
2019-01-30,0.826,-0.9592
2019-01-31,0.829,0.3632
2019-02-01,0.855,3.1363
2019-02-11,0.871,1.8713
2019-02-12,0.875,0.4592
2019-02-13,0.895,2.2857
2019-02-14,0.905,1.1173
2019-02-15,0.887,-1.989
2019-02-18,0.917,3.3822
2019-02-19,0.916,-0.1091
2019-02-20,0.921,0.5459
2019-02-21,0.924,0.3257
2019-02-22,0.954,3.2468
2019-02-25,1.017,6.6038
2019-02-26,1.012,-0.4916
2019-02-27,0.998,-1.3834
2019-02-28,0.995,-0.3006
2019-03-01,1.012,1.7085
2019-03-04,1.023,1.087
2019-03-05,1.029,0.5865
2019-03-06,1.043,1.3605
2019-03-07,1.054,1.0547
2019-03-08,1.002,-4.9336
2019-03-11,1.044,4.1916
2019-03-12,1.062,1.7241
2019-03-13,1.05,-1.1299
2019-03-14,1.028,-2.0952
2019-03-15,1.039,1.07
2019-03-18,1.06,2.0212
2019-03-19,1.057,-0.283
2019-03-20,1.052,-0.473
2019-03-21,1.064,1.1407
2019-03-22,1.063,-0.094
2019-03-25,1.043,-1.8815
2019-03-26,1.012,-2.9722
2019-03-27,1.019,0.6917
2019-03-28,1.001,-1.7664
2019-03-29,1.047,4.5954
2019-04-01,1.081,3.2474
2019-04-02,1.087,0.555
2019-04-03,1.108,1.9319
2019-04-04,1.117,0.8123
2019-04-08,1.112,-0.4476
2019-04-09,1.114,0.1799
2019-04-10,1.114,0.0
2019-04-11,1.085,-2.6032
2019-04-12,1.071,-1.2903
2019-04-15,1.068,-0.2801
2019-04-16,1.093,2.3408
2019-04-17,1.101,0.7319
2019-04-18,1.085,-1.4532
2019-04-19,1.103,1.659
2019-04-22,1.07,-2.9918
2019-04-23,1.061,-0.8411
2019-04-24,1.063,0.1885
2019-04-25,1.034,-2.7281
2019-04-26,1.028,-0.5803
2019-04-29,1.006,-2.1401
2019-04-30,1.011,0.497
2019-05-06,0.941,-6.9238
2019-05-07,0.95,0.9564
2019-05-08,0.94,-1.0526
2019-05-09,0.93,-1.0638
2019-05-10,0.962,3.4409
2019-05-13,0.944,-1.8711
2019-05-14,0.937,-0.7415
2019-05-15,0.955,1.921
2019-05-16,0.961,0.6283
2019-05-17,0.928,-3.4339
2019-05-20,0.926,-0.2155
2019-05-21,0.938,1.2959
2019-05-22,0.934,-0.4264
2019-05-23,0.918,-1.7131
2019-05-24,0.918,0.0
2019-05-27,0.935,1.8519
2019-05-28,0.935,0.0
2019-05-29,0.935,0.0
2019-05-30,0.928,-0.7487
2019-05-31,0.924,-0.431
2019-06-03,0.92,-0.4329
2019-06-04,0.91,-1.087
2019-06-05,0.916,0.6593
2019-06-06,0.906,-1.0917
2019-06-10,0.909,0.3311
2019-06-11,0.937,3.0803
2019-06-12,0.929,-0.8538
2019-06-13,0.93,0.1076
2019-06-14,0.919,-1.1828
2019-06-17,0.921,0.2176
2019-06-18,0.921,0.0
2019-06-19,0.93,0.9772
2019-06-20,0.958,3.0108
2019-06-21,0.965,0.7307
2019-06-24,0.964,-0.1036
2019-06-25,0.964,0.0
2019-06-26,0.952,-1.2448
2019-06-27,0.963,1.1555
2019-06-28,0.958,-0.5192
2019-06-30,0.958,0.0
2019-07-01,0.977,1.9833
2019-07-02,0.973,-0.4094
2019-07-03,0.963,-1.0277
2019-07-04,0.944,-1.973
2019-07-05,0.95,0.6356
2019-07-08,0.92,-3.1579
2019-07-09,0.923,0.3261
2019-07-10,0.917,-0.6501
2019-07-11,0.924,0.7634
2019-07-12,0.928,0.4329
2019-07-15,0.934,0.6466
2019-07-16,0.935,0.1071
2019-07-17,0.934,-0.107
2019-07-18,0.927,-0.7495
2019-07-19,0.954,2.9126
2019-07-22,0.97,1.6771
2019-07-23,0.968,-0.2062
2019-07-24,0.972,0.4132
2019-07-25,0.974,0.2058
2019-07-26,0.968,-0.616
2019-07-29,0.961,-0.7231
2019-07-30,0.973,1.2487
2019-07-31,0.962,-1.1305
2019-08-01,0.946,-1.6632
2019-08-02,0.937,-0.9514
2019-08-05,0.94,0.3202
2019-08-06,0.929,-1.1702
2019-08-07,0.938,0.9688
2019-08-08,0.939,0.1066
2019-08-09,0.929,-1.065
2019-08-12,0.938,0.9688
2019-08-13,0.941,0.3198
2019-08-14,0.936,-0.5313
2019-08-15,0.939,0.3205
2019-08-16,0.94,0.1065
2019-08-19,0.957,1.8085
2019-08-20,0.957,0.0
2019-08-21,0.96,0.3135
2019-08-22,0.956,-0.4167
2019-08-23,0.949,-0.7322
2019-08-26,0.94,-0.9484
2019-08-27,0.955,1.5957
2019-08-28,0.948,-0.733
2019-08-29,0.941,-0.7384
2019-08-30,0.939,-0.2125
2019-09-02,0.958,2.0234
2019-09-03,0.958,0.0
2019-09-04,0.977,1.9833
2019-09-05,0.995,1.8424
2019-09-06,1.001,0.603
2019-09-09,1.018,1.6983
2019-09-10,1.017,-0.0982
2019-09-11,1.013,-0.3933
2019-09-12,1.034,2.0731
2019-09-16,1.024,-0.9671
2019-09-17,1.001,-2.2461
2019-09-18,0.998,-0.2997
2019-09-19,1.007,0.9018
2019-09-20,1.002,-0.4965
2019-09-23,0.994,-0.7984
2019-09-24,0.995,0.1006
2019-09-25,0.985,-1.005
2019-09-26,0.974,-1.1168
2019-09-27,0.978,0.4107
2019-09-30,0.956,-2.2495
2019-10-08,0.957,0.1046
2019-10-09,0.965,0.8359
2019-10-10,0.973,0.829
2019-10-11,0.981,0.8222
2019-10-14,0.988,0.7136
2019-10-15,0.977,-1.1134
2019-10-16,0.971,-0.6141
2019-10-17,0.968,-0.309
2019-10-18,0.954,-1.4463
2019-10-21,0.95,-0.4193
2019-10-22,0.958,0.8421
2019-10-23,0.949,-0.9395
2019-10-24,0.954,0.5269
2019-10-25,0.96,0.6289
2019-10-28,0.972,1.25
2019-10-29,0.955,-1.749
2019-10-30,0.956,0.1047
2019-10-31,0.95,-0.6276
2019-11-01,0.96,1.0526
2019-11-04,0.97,1.0417
2019-11-05,0.988,1.8557
2019-11-06,0.994,0.6073
2019-11-07,0.99,-0.4024
2019-11-08,0.98,-1.0101
2019-11-11,0.959,-2.1429
2019-11-12,0.956,-0.3128
2019-11-13,0.955,-0.1046
2019-11-14,0.955,0.0
2019-11-15,0.943,-1.2565
2019-11-18,0.958,1.5907
2019-11-19,0.994,3.7578
2019-11-20,0.996,0.2012
2019-11-21,0.995,-0.1004
2019-11-22,1.008,1.3065
2019-11-25,1.014,0.5952
2019-11-26,1.03,1.5779
2019-11-27,1.047,1.6505
2019-11-28,1.043,-0.382
2019-11-29,1.04,-0.2876
2019-12-02,1.033,-0.6731
2019-12-03,1.039,0.5808
2019-12-04,1.058,1.8287
2019-12-05,1.083,2.3629
2019-12-06,1.088,0.4617
2019-12-09,1.082,-0.5515
2019-12-10,1.081,-0.0924
2019-12-11,1.065,-1.4801
2019-12-12,1.058,-0.6573
2019-12-13,1.083,2.3629
2019-12-16,1.093,0.9234
2019-12-17,1.126,3.0192
2019-12-18,1.118,-0.7105
2019-12-19,1.119,0.0894
2019-12-20,1.122,0.2681
2019-12-23,1.128,0.5348
2019-12-24,1.189,5.4078
2019-12-25,1.208,1.598
2019-12-26,1.214,0.4967
2019-12-27,1.208,-0.4942
2019-12-30,1.223,1.2417
2019-12-31,1.225,0.1635
2020-01-02,1.245,1.6327
2020-01-03,1.265,1.6064
2020-01-06,1.314,3.8735
2020-01-07,1.311,-0.2283
2020-01-08,1.311,0.0
2020-01-09,1.332,1.6018
2020-01-10,1.326,-0.4505
2020-01-13,1.354,2.1116
2020-01-14,1.376,1.6248
2020-01-15,1.355,-1.5262
2020-01-16,1.349,-0.4428
2020-01-17,1.347,-0.1483
2020-01-20,1.367,1.4848
2020-01-21,1.339,-2.0483
2020-01-22,1.392,3.9582
2020-01-23,1.364,-2.0115
2020-02-03,1.265,-7.2581
2020-02-04,1.354,7.0356
2020-02-05,1.409,4.062
2020-02-06,1.446,2.626
2020-02-07,1.4,-3.1812
2020-02-10,1.475,5.3571
2020-02-11,1.465,-0.678
2020-02-12,1.53,4.4369
2020-02-13,1.522,-0.5229
2020-02-14,1.499,-1.5112
2020-02-17,1.546,3.1354
2020-02-18,1.558,0.7762
2020-02-19,1.494,-4.1078
2020-02-20,1.512,1.2048
2020-02-21,1.532,1.3228
2020-02-24,1.504,-1.8277
2020-02-25,1.54,2.3936
2020-02-26,1.461,-5.1299
2020-02-27,1.446,-1.0267
2020-02-28,1.343,-7.1231
2020-03-02,1.373,2.2338
2020-03-03,1.397,1.748
2020-03-04,1.382,-1.0737
2020-03-05,1.389,0.5065
2020-03-06,1.38,-0.6479
2020-03-09,1.291,-6.4493
2020-03-10,1.338,3.6406
2020-03-11,1.315,-1.719
2020-03-12,1.276,-2.9658
2020-03-13,1.256,-1.5674
2020-03-16,1.161,-7.5637
2020-03-17,1.146,-1.292
2020-03-18,1.13,-1.3962
2020-03-19,1.126,-0.354
2020-03-20,1.126,0.0
2020-03-23,1.041,-7.5488
2020-03-24,1.067,2.4976
2020-03-25,1.116,4.5923
2020-03-26,1.086,-2.6882
2020-03-27,1.072,-1.2891
2020-03-30,1.045,-2.5187
2020-03-31,1.046,0.0957
2020-04-01,1.068,2.1033
2020-04-02,1.098,2.809
2020-04-03,1.087,-1.0018
2020-04-07,1.125,3.4959
2020-04-08,1.111,-1.2444
2020-04-09,1.105,-0.5401
2020-04-10,1.084,-1.9005
2020-04-13,1.064,-1.845
2020-04-14,1.121,5.3571
2020-04-15,1.136,1.3381
2020-04-16,1.152,1.4085
2020-04-17,1.157,0.434
2020-04-20,1.166,0.7779
2020-04-21,1.144,-1.8868
2020-04-22,1.146,0.1748
2020-04-23,1.143,-0.2618
2020-04-24,1.139,-0.35
2020-04-27,1.151,1.0536
2020-04-28,1.155,0.3475
2020-04-29,1.153,-0.1732
2020-04-30,1.211,5.0304
2020-05-06,1.227,1.3212
2020-05-07,1.225,-0.163
2020-05-08,1.233,0.6531
2020-05-11,1.213,-1.6221
2020-05-12,1.221,0.6595
2020-05-13,1.226,0.4095
2020-05-14,1.207,-1.5498
2020-05-15,1.23,1.9056
2020-05-18,1.202,-2.2764
2020-05-19,1.216,1.1647
2020-05-20,1.257,3.3717
2020-05-21,1.226,-2.4662
2020-05-22,1.184,-3.4258
2020-05-25,1.171,-1.098
2020-05-26,1.227,4.7822
2020-05-27,1.247,1.63
2020-05-28,1.228,-1.5237
2020-05-29,1.247,1.5472
2020-06-01,1.28,2.6464
2020-06-02,1.274,-0.4688
2020-06-03,1.271,-0.2355
2020-06-04,1.307,2.8324
2020-06-05,1.308,0.0765
2020-06-08,1.316,0.6116
2020-06-09,1.329,0.9878
2020-06-10,1.338,0.6772
2020-06-11,1.341,0.2242
2020-06-12,1.317,-1.7897
2020-06-15,1.302,-1.139
2020-06-16,1.338,2.765
2020-06-17,1.323,-1.1211
2020-06-18,1.336,0.9826
2020-06-19,1.408,5.3892
2020-06-22,1.429,1.4915
2020-06-23,1.432,0.2099
2020-06-24,1.429,-0.2095
2020-06-29,1.425,-0.2799
2020-06-30,1.443,1.2632
2020-07-01,1.45,0.4851
2020-07-02,1.441,-0.6207
2020-07-03,1.467,1.8043
2020-07-06,1.513,3.1357
2020-07-07,1.587,4.8909
2020-07-08,1.617,1.8904
2020-07-09,1.635,1.1132
2020-07-10,1.633,-0.1223
2020-07-13,1.695,3.7967
2020-07-14,1.645,-2.9499
2020-07-15,1.609,-2.1884
2020-07-16,1.527,-5.0963
2020-07-17,1.522,-0.3274
2020-07-20,1.556,2.2339
2020-07-21,1.578,1.4139
2020-07-22,1.587,0.5703
2020-07-23,1.587,0.0
2020-07-24,1.493,-5.9231
2020-07-27,1.49,-0.2009
2020-07-28,1.524,2.2819
2020-07-29,1.573,3.2152
2020-07-30,1.569,-0.2543
2020-07-31,1.576,0.4461
2020-08-03,1.618,2.665
2020-08-04,1.612,-0.3708
2020-08-05,1.648,2.2333
2020-08-06,1.67,1.335
2020-08-07,1.674,0.2395
2020-08-10,1.663,-0.6571
2020-08-11,1.637,-1.5634
2020-08-12,1.615,-1.3439
2020-08-13,1.617,0.1238
2020-08-14,1.623,0.3711
2020-08-17,1.626,0.1848
2020-08-18,1.637,0.6765
2020-08-19,1.585,-3.1765
2020-08-20,1.551,-2.1451
2020-08-21,1.569,1.1605
2020-08-24,1.589,1.27
2020-08-25,1.568,-1.32
2020-08-26,1.525,-2.74
2020-08-27,1.552,1.77
2020-08-28,1.574,1.42
2020-08-31,1.572,-0.13
2020-09-01,1.617,2.86
2020-09-02,1.623,0.37
2020-09-03,1.598,-1.54
2020-09-04,1.579,-1.19
2020-09-07,1.551,-1.77
2020-09-08,1.546,-0.32
2020-09-09,1.51,-2.33
2020-09-10,1.485,-1.66
2020-09-11,1.515,2.02
2020-09-14,1.548,2.18
2020-09-15,1.585,2.39
2020-09-16,1.589,0.25
2020-09-17,1.626,2.33
2020-09-18,1.639,0.8
2020-09-21,1.643,0.24
2020-09-22,1.619,-1.46
2020-09-23,1.622,0.19
2020-09-24,1.578,-2.71
2020-09-25,1.593,0.95
2020-09-28,1.596,0.19
2020-09-29,1.637,2.57
2020-09-30,1.652,0.92
2020-10-09,1.763,6.72
2020-10-12,1.824,3.46
2020-10-13,1.844,1.1
2020-10-14,1.859,0.81
2020-10-15,1.834,-1.34
2020-10-16,1.795,-2.13
2020-10-19,1.789,-0.33
2020-10-20,1.858,3.86
2020-10-21,1.801,-3.07
2020-10-22,1.8,-0.06
2020-10-23,1.76,-2.22
2020-10-26,1.802,2.39
2020-10-27,1.848,2.55
2020-10-28,1.894,2.49
2020-10-29,1.889,-0.26
2020-10-30,1.858,-1.64
2020-11-02,1.937,4.25
2020-11-03,1.918,-0.98
2020-11-04,1.932,0.73
2020-11-05,2.041,5.64
2020-11-06,2.031,-0.49
2020-11-09,2.07,1.92
2020-11-10,2.045,-1.21
2020-11-11,1.98,-3.18
2020-11-12,2.006,1.31
2020-11-13,2.049,2.14
2020-11-16,2.046,-0.15
2020-11-17,1.989,-2.79
2020-11-18,1.943,-2.31
2020-11-19,1.948,0.26
2020-11-20,1.986,1.95
2020-11-23,2.06,3.73
2020-11-24,2.094,1.65
2020-11-25,2.035,-2.82
2020-11-26,2.012,-1.13
2020-11-27,1.993,-0.94
2020-11-30,1.991,-0.1
2020-12-01,2.016,1.26
2020-12-02,2.0,-0.79
2020-12-03,1.978,-1.1
2020-12-04,2.027,2.48
2020-12-07,2.07,2.12
2020-12-08,2.137,3.24
2020-12-09,2.121,-0.75
2020-12-10,2.106,-0.71
2020-12-11,2.091,-0.71
2020-12-14,2.186,4.54
2020-12-15,2.219,1.51
2020-12-16,2.244,1.13
2020-12-17,2.28,1.6
2020-12-18,2.37,3.95
2020-12-21,2.497,5.36
2020-12-22,2.44,-2.28
2020-12-23,2.495,2.25
2020-12-24,2.485,-0.4
2020-12-25,2.633,5.96
2020-12-28,2.663,1.14
2020-12-29,2.521,-5.33
2020-12-30,2.623,4.05
2020-12-31,2.703,3.05
2021-01-04,2.885,6.73
2021-01-05,2.942,1.98
2021-01-06,2.94,-0.07
2021-01-07,3.027,2.96
2021-01-08,3.004,-0.76
2021-01-11,2.92,-2.8
2021-01-12,3.021,3.46
2021-01-13,2.938,-2.75
2021-01-14,2.847,-3.1
2021-01-15,2.897,1.76
2021-01-18,2.928,1.07
2021-01-19,2.838,-3.07
2021-01-20,2.936,3.45
2021-01-21,3.008,2.45
2021-01-22,3.113,3.49
2021-01-25,3.16,1.51
2021-01-26,3.04,-3.8
2021-01-27,3.082,1.38
2021-01-28,2.942,-4.54
2021-01-29,2.88,-2.11
2021-02-01,2.837,-1.49
2021-02-02,2.967,4.58
2021-02-03,2.957,-0.34
2021-02-04,2.841,-3.92
2021-02-05,2.73,-3.91
2021-02-08,2.801,2.6
2021-02-09,2.898,3.46
2021-02-10,2.914,0.55
2021-02-18,2.924,0.34
2021-02-19,2.855,-2.36
2021-02-22,2.866,0.39
2021-02-23,2.789,-2.69
2021-02-24,2.663,-4.52
2021-02-25,2.623,-1.5
2021-02-26,2.555,-2.59
2021-03-01,2.656,3.95
2021-03-02,2.619,-1.39
2021-03-03,2.67,1.95
2021-03-04,2.536,-5.02
2021-03-05,2.515,-0.83
2021-03-08,2.409,-4.21
2021-03-09,2.401,-0.33
2021-03-10,2.447,1.92
2021-03-11,2.503,2.29
2021-03-12,2.481,-0.88
2021-03-15,2.437,-1.77
2021-03-16,2.427,-0.41
2021-03-17,2.502,3.09
2021-03-18,2.51,0.32
2021-03-19,2.425,-3.39
2021-03-22,2.437,0.49
2021-03-23,2.355,-3.36
2021-03-24,2.283,-3.06
2021-03-25,2.315,1.4
2021-03-26,2.427,4.84
2021-03-29,2.409,-0.74
2021-03-30,2.441,1.33
2021-03-31,2.424,-0.7
2021-04-01,2.462,1.57
2021-04-02,2.491,1.18
2021-04-06,2.511,0.8
2021-04-07,2.506,-0.2
2021-04-08,2.485,-0.84
2021-04-09,2.475,-0.4
2021-04-12,2.372,-4.16
2021-04-13,2.384,0.51
2021-04-14,2.481,4.07
2021-04-15,2.478,-0.12
2021-04-16,2.483,0.2
2021-04-19,2.631,5.96
2021-04-20,2.609,-0.84
2021-04-21,2.599,-0.38
2021-04-22,2.613,0.54
2021-04-23,2.667,2.07
2021-04-26,2.638,-1.09
2021-04-27,2.641,0.11
2021-04-28,2.693,1.97
2021-04-29,2.704,0.41
2021-04-30,2.752,1.78
2021-05-06,2.761,0.33
2021-05-07,2.703,-2.1
2021-05-10,2.755,1.92
2021-05-11,2.665,-3.27
2021-05-12,2.677,0.45
2021-05-13,2.611,-2.47
2021-05-14,2.66,1.88
2021-05-17,2.763,3.87
2021-05-18,2.791,1.01
2021-05-19,2.888,3.48
2021-05-20,2.872,-0.55
2021-05-21,2.869,-0.1
2021-05-24,2.888,0.66
2021-05-25,2.911,0.8
2021-05-26,2.899,-0.41
2021-05-27,2.903,0.14
2021-05-28,3.023,4.13
2021-05-31,3.156,4.4
2021-06-01,3.138,-0.57
2021-06-02,3.116,-0.7
2021-06-03,3.146,0.96
2021-06-04,3.243,3.08
2021-06-07,3.185,-1.79
2021-06-08,3.16,-0.78
2021-06-09,3.171,0.35
2021-06-10,3.275,3.28
2021-06-11,3.264,-0.34
2021-06-15,3.208,-1.72
2021-06-16,3.033,-5.46
2021-06-17,3.073,1.32
2021-06-18,3.188,3.74
2021-06-21,3.213,0.78
2021-06-22,3.221,0.25
2021-06-23,3.284,1.96
2021-06-24,3.256,-0.85
2021-06-25,3.294,1.17
2021-06-28,3.332,1.15
2021-06-29,3.318,-0.42
2021-06-30,3.377,1.78
2021-07-01,3.325,-1.54
2021-07-02,3.337,0.36
2021-07-05,3.455,3.54
2021-07-06,3.472,0.49
2021-07-07,3.636,4.72
2021-07-08,3.656,0.55
2021-07-09,3.743,2.38
2021-07-12,3.901,4.22
2021-07-13,3.909,0.21
2021-07-14,3.747,-4.14
2021-07-15,3.792,1.2
2021-07-16,3.722,-1.85
2021-07-19,3.66,-1.67
2021-07-20,3.71,1.37
2021-07-21,3.888,4.8
2021-07-22,3.905,0.44
2021-07-23,3.899,-0.15
2021-07-26,3.863,-0.92
2021-07-27,3.675,-4.87
2021-07-28,3.627,-1.31
2021-07-29,3.828,5.54
2021-07-30,3.838,0.26
2021-08-02,3.912,1.93
2021-08-03,3.716,-5.01
2021-08-04,3.921,5.52
2021-08-05,3.905,-0.41
2021-08-06,4.006,2.59
2021-08-09,3.918,-2.2
2021-08-10,3.849,-1.76
2021-08-11,3.871,0.57
2021-08-12,3.909,0.98
2021-08-13,3.892,-0.43
2021-08-16,3.769,-3.16
2021-08-17,3.75,-0.5
2021-08-18,3.758,0.21
2021-08-19,3.861,2.74
2021-08-20,3.839,-0.57
2021-08-23,3.938,2.58
2021-08-24,3.998,1.52
2021-08-25,4.018,0.5
2021-08-26,3.959,-1.47
2021-08-27,4.109,3.79
2021-08-30,4.185,1.85
2021-08-31,4.233,1.15
2021-09-01,4.025,-4.91
2021-09-02,4.083,1.44
2021-09-03,3.957,-3.09
2021-09-06,3.996,0.99
2021-09-07,4.133,3.43
2021-09-08,4.108,-0.6
2021-09-09,4.148,0.97
2021-09-10,4.222,1.78
2021-09-13,4.256,0.81
2021-09-14,4.259,0.07
2021-09-15,4.31,1.2
2021-09-16,4.079,-5.36
2021-09-17,4.096,0.42
2021-09-22,4.041,-1.34
2021-09-23,4.042,0.02
2021-09-24,4.011,-0.77
2021-09-27,3.857,-3.84
2021-09-28,3.775,-2.13
2021-09-29,3.671,-2.75
2021-09-30,3.804,3.62
2021-10-08,3.783,-0.55
2021-10-11,3.818,0.93
2021-10-12,3.745,-1.91
2021-10-13,3.85,2.8
2021-10-14,3.907,1.48
2021-10-15,3.985,2.0
2021-10-18,4.057,1.81
2021-10-19,4.059,0.05
2021-10-20,4.109,1.23
2021-10-21,4.065,-1.07
2021-10-22,4.0,-1.6
2021-10-25,4.087,2.18
2021-10-26,4.085,-0.05
2021-10-27,4.116,0.76
2021-10-28,3.991,-3.04
2021-10-29,4.082,2.28
2021-11-01,4.024,-1.42
2021-11-02,3.993,-0.77
2021-11-03,3.926,-1.68
2021-11-04,3.974,1.22
2021-11-05,3.957,-0.43
2021-11-08,4.129,4.35
2021-11-09,4.151,0.53
2021-11-10,4.045,-2.55
2021-11-11,4.056,0.27
2021-11-12,4.043,-0.32
2021-11-15,3.942,-2.5
2021-11-16,3.873,-1.75
2021-11-17,3.969,2.48
2021-11-18,4.024,1.39
2021-11-19,4.05,0.65
2021-11-22,4.219,4.17
2021-11-23,4.178,-0.97
2021-11-24,4.144,-0.81
2021-11-25,4.106,-0.92
2021-11-26,4.174,1.66
2021-11-29,4.239,1.56
2021-11-30,4.237,-0.05
2021-12-01,4.24,0.07
2021-12-02,4.239,-0.02
2021-12-03,4.26,0.5
2021-12-06,4.151,-2.56
2021-12-07,4.032,-2.87
2021-12-08,4.105,1.81
2021-12-09,4.095,-0.24
2021-12-10,4.155,1.47
2021-12-13,4.138,-0.41
2021-12-14,4.067,-1.72
2021-12-15,4.023,-1.08
2021-12-16,4.036,0.32
2021-12-17,3.989,-1.16
2021-12-20,3.871,-2.96
2021-12-21,3.875,0.1
2021-12-22,3.887,0.31
2021-12-23,3.865,-0.57
2021-12-24,3.736,-3.34
2021-12-27,3.748,0.32
2021-12-28,3.846,2.61
2021-12-29,3.845,-0.03
2021-12-30,3.842,-0.08
2021-12-31,3.885,1.12
2022-01-04,3.811,-1.9
2022-01-05,3.723,-2.31
2022-01-06,3.72,-0.08
2022-01-07,3.626,-2.53
2022-01-10,3.629,0.08
2022-01-11,3.566,-1.74
2022-01-12,3.697,3.67
2022-01-13,3.636,-1.65
2022-01-14,3.659,0.63
2022-01-17,3.701,1.15
2022-01-18,3.698,-0.08
2022-01-19,3.581,-3.16
2022-01-20,3.556,-0.7
2022-01-21,3.555,-0.03
2022-01-24,3.632,2.17
2022-01-25,3.568,-1.76
2022-01-26,3.59,0.62
2022-01-27,3.487,-2.87
2022-01-28,3.466,-0.6
2022-02-07,3.489,0.66
2022-02-08,3.43,-1.69
2022-02-09,3.498,1.98
2022-02-10,3.459,-1.11
2022-02-11,3.45,-0.26
2022-02-14,3.45,0.0
2022-02-15,3.542,2.67
2022-02-16,3.55,0.23
2022-02-17,3.648,2.76
2022-02-18,3.625,-0.63
2022-02-21,3.62,-0.14
2022-02-22,3.652,0.88
2022-02-23,3.748,2.63
2022-02-24,3.69,-1.55
2022-02-25,3.748,1.57
2022-02-28,3.792,1.17
2022-03-01,3.729,-1.66
2022-03-02,3.692,-0.99
2022-03-03,3.642,-1.35
2022-03-04,3.559,-2.28
2022-03-07,3.48,-2.22
2022-03-08,3.323,-4.51
2022-03-09,3.278,-1.35
2022-03-10,3.376,2.99
2022-03-11,3.358,-0.53
2022-03-14,3.269,-2.65
2022-03-15,3.195,-2.26
2022-03-16,3.363,5.26
2022-03-17,3.394,0.92
2022-03-18,3.389,-0.15
2022-03-21,3.432,1.27
2022-03-22,3.441,0.26
2022-03-23,3.433,-0.23
2022-03-24,3.44,0.2
2022-03-25,3.382,-1.69
2022-03-28,3.297,-2.51
2022-03-29,3.317,0.61
2022-03-30,3.402,2.56
2022-03-31,3.307,-2.79
2022-04-01,3.336,0.88
2022-04-06,3.288,-1.44
2022-04-07,3.253,-1.06
2022-04-08,3.242,-0.34
2022-04-11,3.081,-4.97
2022-04-12,3.115,1.1
2022-04-13,3.123,0.26
2022-04-14,3.14,0.54
2022-04-15,3.088,-1.66
2022-04-18,3.099,0.36
2022-04-19,3.082,-0.55
2022-04-20,2.994,-2.86
2022-04-21,2.88,-3.81
2022-04-22,2.863,-0.59
2022-04-25,2.666,-6.88
2022-04-26,2.587,-2.96
2022-04-27,2.755,6.49
2022-04-28,2.779,0.87
2022-04-29,2.917,4.97
2022-05-05,2.893,-0.82
2022-05-06,2.825,-2.35
2022-05-09,2.816,-0.32
2022-05-10,2.869,1.88
2022-05-11,2.971,3.56
2022-05-12,2.952,-0.64
2022-05-13,2.984,1.08
2022-05-16,2.957,-0.9
2022-05-17,3.059,3.45
2022-05-18,3.065,0.2
2022-05-19,3.117,1.7
2022-05-20,3.142,0.8
2022-05-23,3.189,1.5
2022-05-24,3.095,-2.95
2022-05-25,3.114,0.61
2022-05-26,3.105,-0.29
2022-05-27,3.107,0.06
2022-05-30,3.135,0.9
2022-05-31,3.157,0.7
2022-06-01,3.171,0.44
2022-06-02,3.227,1.77
2022-06-06,3.392,5.11
2022-06-07,3.388,-0.12
2022-06-08,3.434,1.36
2022-06-09,3.372,-1.81
2022-06-10,3.463,2.7
2022-06-13,3.55,2.51
2022-06-14,3.564,0.39
2022-06-15,3.55,-0.39
2022-06-16,3.577,0.76
2022-06-17,3.723,4.08
2022-06-20,3.73,0.19
2022-06-21,3.656,-1.98
2022-06-22,3.658,0.05
2022-06-23,3.754,2.62
2022-06-24,3.782,0.75
2022-06-27,3.871,2.35
2022-06-28,3.934,1.63
2022-06-29,3.779,-3.94
2022-06-30,3.813,0.9
2022-07-01,3.881,1.78
2022-07-04,3.926,1.16
2022-07-05,3.971,1.15
2022-07-06,3.928,-1.08
2022-07-07,3.999,1.81
2022-07-08,3.924,-1.88
2022-07-11,3.767,-4.0
2022-07-12,3.708,-1.57
2022-07-13,3.743,0.94
2022-07-14,3.804,1.63
2022-07-15,3.769,-0.92
2022-07-18,3.818,1.3
2022-07-19,3.789,-0.76
2022-07-20,3.804,0.4
2022-07-21,3.756,-1.26
2022-07-22,3.752,-0.11
2022-07-25,3.691,-1.63
2022-07-26,3.744,1.44
2022-07-27,3.744,0.0
2022-07-28,3.699,-1.2
2022-07-29,3.684,-0.41
2022-08-01,3.788,2.82
2022-08-02,3.682,-2.8
2022-08-03,3.618,-1.74
2022-08-04,3.644,0.72
2022-08-05,3.707,1.73
2022-08-08,3.74,0.89
2022-08-09,3.771,0.83
2022-08-10,3.743,-0.74
2022-08-11,3.759,0.43
2022-08-12,3.725,-0.9
2022-08-15,3.782,1.53
2022-08-16,3.758,-0.63
2022-08-17,3.748,-0.27
2022-08-18,3.707,-1.09
2022-08-19,3.629,-2.1
2022-08-22,3.769,3.86
2022-08-23,3.752,-0.45
2022-08-24,3.625,-3.38
2022-08-25,3.581,-1.21
2022-08-26,3.578,-0.08
2022-08-29,3.55,-0.78
2022-08-30,3.527,-0.65
2022-08-31,3.424,-2.92
2022-09-01,3.386,-1.11
2022-09-02,3.368,-0.53
2022-09-05,3.372,0.12
2022-09-06,3.43,1.72
2022-09-07,3.457,0.79
2022-09-08,3.417,-1.16
2022-09-09,3.454,1.08
2022-09-13,3.481,0.78
2022-09-14,3.438,-1.24
2022-09-15,3.321,-3.4
2022-09-16,3.258,-1.9
2022-09-19,3.272,0.43
2022-09-20,3.335,1.93
2022-09-21,3.347,0.36
2022-09-22,3.327,-0.6
2022-09-23,3.292,-1.05
2022-09-26,3.287,-0.15
2022-09-27,3.294,0.21
2022-09-28,3.143,-4.58
2022-09-29,3.183,1.27
2022-09-30,3.103,-2.51
2022-10-10,3.033,-2.26
2022-10-11,3.087,1.78
2022-10-12,3.177,2.92
2022-10-13,3.136,-1.29
2022-10-14,3.191,1.75
2022-10-17,3.163,-0.88
2022-10-18,3.168,0.16
2022-10-19,3.129,-1.23
2022-10-20,3.071,-1.85
2022-10-21,3.047,-0.78
2022-10-24,3.043,-0.13
2022-10-25,3.034,-0.3
2022-10-26,3.044,0.33
2022-10-27,3.042,-0.07
2022-10-28,2.945,-3.19
2022-10-31,2.94,-0.17
2022-11-01,3.034,3.2
2022-11-02,3.092,1.91
2022-11-03,3.084,-0.26
2022-11-04,3.231,4.77
2022-11-07,3.264,1.02
2022-11-08,3.266,0.06
2022-11-09,3.234,-0.98
2022-11-10,3.171,-1.95
2022-11-11,3.232,1.92
2022-11-14,3.16,-2.23
2022-11-15,3.224,2.03
2022-11-16,3.17,-1.67
2022-11-17,3.109,-1.92
2022-11-18,3.077,-1.03
2022-11-21,3.108,1.01
2022-11-22,3.048,-1.93
2022-11-23,3.055,0.23
2022-11-24,3.082,0.88
2022-11-25,3.037,-1.46
2022-11-28,3.012,-0.82
2022-11-29,3.017,0.17
2022-11-30,3.058,1.36
2022-12-01,3.115,1.86
2022-12-02,3.069,-1.48
2022-12-05,3.051,-0.59
2022-12-06,3.089,1.25
2022-12-07,3.14,1.65
2022-12-08,3.134,-0.19
2022-12-09,3.13,-0.13
2022-12-12,3.074,-1.79
2022-12-13,3.055,-0.62
2022-12-14,3.028,-0.88
2022-12-15,3.077,1.62
2022-12-16,3.016,-1.98
2022-12-19,3.003,-0.43
2022-12-20,2.957,-1.53
2022-12-21,2.932,-0.85
2022-12-22,2.904,-0.95
2022-12-23,2.855,-1.69
2022-12-26,2.913,2.03
2022-12-27,2.919,0.21
2022-12-28,2.874,-1.54
2022-12-29,2.86,-0.49
2022-12-30,2.848,-0.42
2022-12-31,2.847,-0.04
2023-01-03,2.87,0.77
2023-01-04,2.844,-0.91
2023-01-05,2.903,2.07
2023-01-06,2.929,0.9
2023-01-09,2.961,1.09
2023-01-10,2.997,1.22
2023-01-11,2.975,-0.73
2023-01-12,3.012,1.24
2023-01-13,3.014,0.07
2023-01-16,3.01,-0.13
2023-01-17,3.011,0.03
2023-01-18,3.033,0.73
2023-01-19,3.031,-0.07
2023-01-20,3.084,1.75
2023-01-30,3.136,1.69
2023-01-31,3.144,0.26
2023-02-01,3.209,2.07
2023-02-02,3.21,0.03
2023-02-03,3.171,-1.21
2023-02-06,3.12,-1.61
2023-02-07,3.134,0.45
2023-02-08,3.13,-0.13
2023-02-09,3.156,0.83
2023-02-10,3.123,-1.05
2023-02-13,3.13,0.22
2023-02-14,3.139,0.29
2023-02-15,3.117,-0.7
2023-02-16,3.067,-1.6
2023-02-17,3.031,-1.17
2023-02-20,3.056,0.82
2023-02-21,3.086,0.98
2023-02-22,3.068,-0.58
2023-02-23,3.082,0.46
2023-02-24,3.045,-1.2
2023-02-27,3.028,-0.56
2023-02-28,3.035,0.23
2023-03-01,3.062,0.89
2023-03-02,3.03,-1.05
2023-03-03,3.02,-0.33
2023-03-06,3.044,0.79
2023-03-07,3.003,-1.35
2023-03-08,2.991,-0.4
2023-03-09,3.007,0.53
2023-03-10,2.964,-1.43
2023-03-13,2.95,-0.47
2023-03-14,2.916,-1.15
2023-03-15,2.912,-0.14
2023-03-16,2.855,-1.96
2023-03-17,2.86,0.18
2023-03-20,2.886,0.91
2023-03-21,2.93,1.52
2023-03-22,2.945,0.51
2023-03-23,2.949,0.14
2023-03-24,2.942,-0.24
2023-03-27,2.952,0.34
2023-03-28,2.922,-1.02
2023-03-29,2.932,0.34
2023-03-30,2.93,-0.07
2023-03-31,2.943,0.44
2023-04-03,2.937,-0.2
2023-04-04,2.921,-0.54
2023-04-06,2.94,0.65
2023-04-07,2.948,0.27
2023-04-10,2.983,1.19
2023-04-11,2.992,0.3
2023-04-12,3.013,0.7
2023-04-13,2.983,-1.0
2023-04-14,3.072,2.98
2023-04-17,3.054,-0.59
2023-04-18,3.066,0.39
2023-04-19,3.067,0.03
2023-04-20,3.02,-1.53
2023-04-21,2.974,-1.52
2023-04-24,2.909,-2.19
2023-04-25,2.822,-2.99
2023-04-26,2.866,1.56
2023-04-27,2.887,0.73
2023-04-28,2.924,1.28
2023-05-04,2.891,-1.13
2023-05-05,2.874,-0.59
2023-05-08,2.886,0.42
2023-05-09,2.845,-1.42
2023-05-10,2.895,1.76
2023-05-11,2.91,0.52
2023-05-12,2.872,-1.31
2023-05-15,2.929,1.98
2023-05-16,2.914,-0.51
2023-05-17,2.911,-0.1
2023-05-18,2.889,-0.76
2023-05-19,2.886,-0.1
2023-05-22,2.886,0.0
2023-05-23,2.851,-1.21
2023-05-24,2.848,-0.11
2023-05-25,2.825,-0.81
2023-05-26,2.807,-0.64
2023-05-29,2.759,-1.71
2023-05-30,2.768,0.33
2023-05-31,2.758,-0.36
2023-06-01,2.764,0.22
2023-06-02,2.815,1.85
2023-06-05,2.787,-0.99
2023-06-06,2.75,-1.33
2023-06-07,2.713,-1.35
2023-06-08,2.703,-0.37
2023-06-09,2.736,1.22
2023-06-12,2.749,0.48
2023-06-13,2.766,0.62
2023-06-14,2.754,-0.43
2023-06-15,2.806,1.89
2023-06-16,2.811,0.18
2023-06-19,2.792,-0.68
2023-06-20,2.785,-0.25
2023-06-21,2.734,-1.83
2023-06-26,2.741,0.26
2023-06-27,2.743,0.07
2023-06-28,2.762,0.69
2023-06-29,2.767,0.18
2023-06-30,2.812,1.63
2023-07-03,2.85,1.35
2023-07-04,2.869,0.67
2023-07-05,2.836,-1.15
2023-07-06,2.817,-0.67
2023-07-07,2.795,-0.78
2023-07-10,2.83,1.25
2023-07-11,2.872,1.48
2023-07-12,2.843,-1.01
2023-07-13,2.852,0.32
2023-07-14,2.825,-0.95
2023-07-17,2.806,-0.67
2023-07-18,2.813,0.25
2023-07-19,2.797,-0.57
2023-07-20,2.775,-0.79
2023-07-21,2.776,0.04
2023-07-24,2.751,-0.9
2023-07-25,2.843,3.34
2023-07-26,2.825,-0.63
2023-07-27,2.802,-0.81
2023-07-28,2.839,1.32
2023-07-31,2.911,2.54
2023-08-01,2.907,-0.14
2023-08-02,2.92,0.45
2023-08-03,2.921,0.03
2023-08-04,2.957,1.23
2023-08-07,2.953,-0.14
2023-08-08,2.935,-0.61
2023-08-09,2.91,-0.85
2023-08-10,2.913,0.1
2023-08-11,2.847,-2.27
2023-08-14,2.798,-1.72
2023-08-15,2.761,-1.32
2023-08-16,2.731,-1.09
2023-08-17,2.754,0.84
2023-08-18,2.705,-1.78
2023-08-21,2.672,-1.22
2023-08-22,2.681,0.34
2023-08-23,2.618,-2.35
2023-08-24,2.647,1.11
2023-08-25,2.618,-1.1
2023-08-28,2.612,-0.23
2023-08-29,2.683,2.72
2023-08-30,2.69,0.26
2023-08-31,2.674,-0.59
2023-09-01,2.684,0.37
2023-09-04,2.712,1.04
2023-09-05,2.707,-0.18
2023-09-06,2.728,0.78
2023-09-07,2.672,-2.05
2023-09-08,2.653,-0.71
2023-09-11,2.681,1.06
2023-09-12,2.688,0.26
2023-09-13,2.652,-1.34
2023-09-14,2.619,-1.24
2023-09-15,2.597,-0.84
2023-09-18,2.628,1.19
2023-09-19,2.594,-1.29
2023-09-20,2.565,-1.12
2023-09-21,2.537,-1.09
2023-09-22,2.575,1.5
2023-09-25,2.562,-0.5
2023-09-26,2.537,-0.98
2023-09-27,2.545,0.32
2023-09-28,2.578,1.3
2023-10-09,2.575,-0.12
2023-10-10,2.584,0.35
2023-10-11,2.571,-0.5
2023-10-12,2.64,2.68
2023-10-13,2.602,-1.44
2023-10-16,2.569,-1.27
2023-10-17,2.583,0.54
2023-10-18,2.584,0.04
2023-10-19,2.532,-2.01
2023-10-20,2.524,-0.32
2023-10-23,2.472,-2.06
2023-10-24,2.494,0.89
2023-10-25,2.515,0.84
2023-10-26,2.548,1.31
2023-10-27,2.619,2.79
2023-10-30,2.62,0.04
2023-10-31,2.58,-1.53
2023-11-01,2.572,-0.31
2023-11-02,2.537,-1.36
2023-11-03,2.571,1.34
2023-11-06,2.623,2.02
2023-11-07,2.623,0.0
2023-11-08,2.625,0.08
2023-11-09,2.63,0.19
2023-11-10,2.592,-1.44
2023-11-13,2.592,0.0
2023-11-14,2.602,0.39
2023-11-15,2.624,0.85
2023-11-16,2.584,-1.52
2023-11-17,2.605,0.81
2023-11-20,2.604,-0.04
2023-11-21,2.582,-0.84
2023-11-22,2.54,-1.63
2023-11-23,2.573,1.3
2023-11-24,2.534,-1.52
2023-11-27,2.547,0.51
2023-11-28,2.567,0.79
2023-11-29,2.542,-0.97
2023-11-30,2.523,-0.75
2023-12-01,2.508,-0.59
2023-12-04,2.488,-0.8
2023-12-05,2.451,-1.49
2023-12-06,2.489,1.55
2023-12-07,2.487,-0.08
2023-12-08,2.479,-0.32
2023-12-11,2.504,1.01
2023-12-12,2.495,-0.36
2023-12-13,2.453,-1.68
2023-12-14,2.433,-0.82
2023-12-15,2.423,-0.41
2023-12-18,2.377,-1.9
2023-12-19,2.384,0.29
2023-12-20,2.356,-1.17
2023-12-21,2.383,1.15
2023-12-22,2.384,0.04
2023-12-25,2.396,0.5
2023-12-26,2.376,-0.83
2023-12-27,2.373,-0.13
2023-12-28,2.44,2.82
2023-12-29,2.456,0.66
2023-12-31,2.455,-0.04
2024-01-02,2.409,-1.87
2024-01-03,2.393,-0.66
2024-01-04,2.358,-1.46
2024-01-05,2.324,-1.44
2024-01-08,2.269,-2.37
2024-01-09,2.277,0.35
2024-01-10,2.268,-0.4
2024-01-11,2.306,1.68
2024-01-12,2.308,0.09
2024-01-15,2.288,-0.87
2024-01-16,2.296,0.35
2024-01-17,2.23,-2.87
2024-01-18,2.25,0.9
2024-01-19,2.227,-1.02
2024-01-22,2.144,-3.73
2024-01-23,2.157,0.61
2024-01-24,2.16,0.14
2024-01-25,2.201,1.9
2024-01-26,2.159,-1.91
2024-01-29,2.095,-2.96
2024-01-30,2.043,-2.48
2024-01-31,2.007,-1.76
2024-02-01,1.992,-0.75
2024-02-02,1.933,-2.96
2024-02-05,1.872,-3.16
2024-02-06,1.986,6.09
2024-02-07,2.053,3.37
2024-02-08,2.105,2.53
2024-02-19,2.101,-0.19
2024-02-20,2.097,-0.19
2024-02-21,2.116,0.91
2024-02-22,2.136,0.95
2024-02-23,2.16,1.12
2024-02-26,2.175,0.69
2024-02-27,2.236,2.8
2024-02-28,2.171,-2.91
2024-02-29,2.249,3.59
2024-03-01,2.284,1.56
2024-03-04,2.287,0.13
2024-03-05,2.273,-0.61
2024-03-06,2.283,0.44
2024-03-07,2.258,-1.1
2024-03-08,2.274,0.71
2024-03-11,2.365,4.0
2024-03-12,2.368,0.13
2024-03-13,2.36,-0.34
2024-03-14,2.333,-1.14
2024-03-15,2.36,1.16
2024-03-18,2.427,2.84
2024-03-19,2.409,-0.74
2024-03-20,2.42,0.46
2024-03-21,2.406,-0.58
2024-03-22,2.361,-1.87
2024-03-25,2.316,-1.91
2024-03-26,2.365,2.12
2024-03-27,2.31,-2.33
2024-03-28,2.349,1.69
2024-03-29,2.373,1.02
2024-04-01,2.447,3.12
2024-04-02,2.458,0.45
2024-04-03,2.434,-0.98
2024-04-08,2.422,-0.49
2024-04-09,2.484,2.56
2024-04-10,2.444,-1.61
2024-04-11,2.464,0.82
2024-04-12,2.42,-1.79
2024-04-15,2.424,0.17
2024-04-16,2.314,-4.54
2024-04-17,2.393,3.41
2024-04-18,2.394,0.04
2024-04-19,2.375,-0.79
2024-04-22,2.338,-1.56
2024-04-23,2.315,-0.98
2024-04-24,2.319,0.17
2024-04-25,2.32,0.04
2024-04-26,2.37,2.16
2024-04-29,2.426,2.36
2024-04-30,2.397,-1.2
2024-05-06,2.442,1.88
2024-05-07,2.43,-0.49
2024-05-08,2.389,-1.69
2024-05-09,2.459,2.93
2024-05-10,2.419,-1.63
2024-05-13,2.37,-2.03
2024-05-14,2.394,1.01
2024-05-15,2.371,-0.96
2024-05-16,2.368,-0.13
2024-05-17,2.395,1.14
2024-05-20,2.424,1.21
2024-05-21,2.399,-1.03
2024-05-22,2.421,0.92
2024-05-23,2.364,-2.35
2024-05-24,2.329,-1.48
2024-05-27,2.345,0.69
2024-05-28,2.326,-0.81
2024-05-29,2.353,1.16
2024-05-30,2.34,-0.55
2024-05-31,2.338,-0.09
2024-06-03,2.325,-0.56
2024-06-04,2.342,0.73
2024-06-05,2.327,-0.64
2024-06-06,2.301,-1.12
2024-06-07,2.266,-1.52
2024-06-11,2.263,-0.13
2024-06-12,2.255,-0.35
2024-06-13,2.235,-0.89
2024-06-14,2.233,-0.09
2024-06-17,2.266,1.48
2024-06-18,2.269,0.13
2024-06-19,2.244,-1.1
2024-06-20,2.209,-1.56
2024-06-21,2.2,-0.41
2024-06-24,2.158,-1.91
2024-06-25,2.14,-0.83
2024-06-26,2.176,1.68
2024-06-27,2.139,-1.7
2024-06-28,2.133,-0.28
2024-06-30,2.132,-0.05
2024-07-01,2.135,0.14
2024-07-02,2.108,-1.26
2024-07-03,2.105,-0.14
2024-07-04,2.089,-0.76
2024-07-05,2.094,0.24
2024-07-08,2.071,-1.1
2024-07-09,2.095,1.16
2024-07-10,2.099,0.19
2024-07-11,2.14,1.95
2024-07-12,2.14,0.0
2024-07-15,2.124,-0.75
2024-07-16,2.142,0.85
2024-07-17,2.127,-0.7
2024-07-18,2.144,0.8
2024-07-19,2.145,0.05
2024-07-22,2.148,0.14
2024-07-23,2.085,-2.93
2024-07-24,2.057,-1.34
2024-07-25,2.069,0.58
2024-07-26,2.101,1.55
2024-07-29,2.073,-1.33
2024-07-30,2.058,-0.72
2024-07-31,2.108,2.43
2024-08-01,2.078,-1.42
2024-08-02,2.045,-1.59
2024-08-05,2.01,-1.71
2024-08-06,2.032,1.09
2024-08-07,2.04,0.39
2024-08-08,2.026,-0.69
2024-08-09,2.012,-0.69
2024-08-12,2.012,0.0
2024-08-13,2.03,0.89
2024-08-14,1.997,-1.63
2024-08-15,2.01,0.65
2024-08-16,2.004,-0.3
2024-08-19,2.005,0.05
2024-08-20,1.987,-0.9
2024-08-21,1.987,0.0
2024-08-22,1.982,-0.25
2024-08-23,1.981,-0.05
2024-08-26,1.997,0.81
2024-08-27,1.984,-0.65
2024-08-28,1.977,-0.35
2024-08-29,1.998,1.06
2024-08-30,2.039,2.05
2024-09-02,2.009,-1.47
2024-09-03,2.044,1.74
2024-09-04,2.052,0.39
2024-09-05,2.05,-0.1
2024-09-06,2.033,-0.83
2024-09-09,2.02,-0.64
2024-09-10,2.012,-0.4
2024-09-11,2.061,2.44
2024-09-12,2.056,-0.24
2024-09-13,2.024,-1.56
2024-09-18,2.042,0.89
2024-09-19,2.046,0.2
2024-09-20,2.034,-0.59
2024-09-23,2.03,-0.2
2024-09-24,2.084,2.66
2024-09-25,2.107,1.1
2024-09-26,2.147,1.9
2024-09-27,2.263,5.4
2024-09-30,2.463,8.84
2024-10-08,2.645,7.39
2024-10-09,2.449,-7.41
2024-10-10,2.463,0.57
2024-10-11,2.366,-3.94
2024-10-14,2.411,1.9
2024-10-15,2.334,-3.19
2024-10-16,2.301,-1.41
2024-10-17,2.291,-0.43
2024-10-18,2.407,5.06
2024-10-21,2.403,-0.17
2024-10-22,2.436,1.37
2024-10-23,2.444,0.33
2024-10-24,2.408,-1.47
2024-10-25,2.461,2.2
2024-10-28,2.462,0.04
2024-10-29,2.442,-0.81
2024-10-30,2.435,-0.29
2024-10-31,2.442,0.29
2024-11-01,2.41,-1.31
2024-11-04,2.457,1.95
2024-11-05,2.527,2.85
2024-11-06,2.528,0.04
2024-11-07,2.54,0.47
2024-11-08,2.531,-0.35
2024-11-11,2.603,2.84
2024-11-12,2.592,-0.42
2024-11-13,2.607,0.58
2024-11-14,2.543,-2.45
2024-11-15,2.473,-2.75
2024-11-18,2.454,-0.77
2024-11-19,2.51,2.28
2024-11-20,2.507,-0.12
2024-11-21,2.527,0.8
2024-11-22,2.454,-2.89
2024-11-25,2.465,0.45
2024-11-26,2.419,-1.87
2024-11-27,2.462,1.78
2024-11-28,2.425,-1.5
2024-11-29,2.451,1.07
2024-12-02,2.465,0.57
2024-12-03,2.465,0.0
2024-12-04,2.431,-1.38
2024-12-05,2.417,-0.58
2024-12-06,2.442,1.03
2024-12-09,2.447,0.2
2024-12-10,2.441,-0.25
2024-12-11,2.431,-0.41
2024-12-12,2.441,0.41
2024-12-13,2.4,-1.68
2024-12-16,2.373,-1.12
2024-12-17,2.392,0.8
2024-12-18,2.392,0.0
2024-12-19,2.388,-0.17
2024-12-20,2.368,-0.84
2024-12-23,2.363,-0.21
2024-12-24,2.402,1.65
2024-12-25,2.385,-0.71
2024-12-26,2.374,-0.46
2024-12-27,2.369,-0.21
2024-12-30,2.378,0.38
2024-12-31,2.354,-1.01
2025-01-02,2.294,-2.55
2025-01-03,2.262,-1.39
2025-01-06,2.27,0.35
2025-01-07,2.279,0.4
2025-01-08,2.285,0.26
2025-01-09,2.284,-0.04
2025-01-10,2.25,-1.49
2025-01-13,2.234,-0.71
2025-01-14,2.303,3.09
2025-01-15,2.283,-0.87
2025-01-16,2.292,0.39
2025-01-17,2.305,0.57
2025-01-20,2.342,1.61
2025-01-21,2.337,-0.21
2025-01-22,2.319,-0.77
2025-01-23,2.306,-0.56
2025-01-24,2.34,1.47
2025-01-27,2.316,-1.03
2025-02-05,2.291,-1.08
2025-02-06,2.338,2.05
2025-02-07,2.389,2.18
2025-02-10,2.376,-0.54
2025-02-11,2.361,-0.63
2025-02-12,2.377,0.68
2025-02-13,2.362,-0.63
2025-02-14,2.384,0.93
2025-02-17,2.373,-0.46
2025-02-18,2.369,-0.17
2025-02-19,2.387,0.76
2025-02-20,2.372,-0.63
2025-02-21,2.4,1.18
2025-02-24,2.392,-0.33
2025-02-25,2.385,-0.29
2025-02-26,2.415,1.26
2025-02-27,2.422,0.29
2025-02-28,2.381,-1.69
2025-03-03,2.42,1.64
2025-03-04,2.388,-1.32
2025-03-05,2.384,-0.17
2025-03-06,2.394,0.42
2025-03-07,2.381,-0.54
2025-03-10,2.371,-0.42
2025-03-11,2.361,-0.42
2025-03-12,2.348,-0.55
2025-03-13,2.334,-0.6
2025-03-14,2.384,2.14
2025-03-17,2.386,0.08
2025-03-18,2.394,0.34
2025-03-19,2.403,0.38
2025-03-20,2.401,-0.08
2025-03-21,2.352,-2.04
2025-03-24,2.36,0.34
2025-03-25,2.376,0.68
2025-03-26,2.376,0.0
2025-03-27,2.377,0.04
2025-03-28,2.364,-0.55
2025-03-31,2.333,-1.31
2025-04-01,2.324,-0.39
2025-04-02,2.327,0.13
2025-04-03,2.282,-1.93
2025-04-07,2.072,-9.2
2025-04-08,2.077,0.24
2025-04-09,2.088,0.53
2025-04-10,2.137,2.35
2025-04-11,2.16,1.08
2025-04-14,2.174,0.65
2025-04-15,2.173,-0.05
2025-04-16,2.151,-1.01
2025-04-17,2.137,-0.65
2025-04-18,2.147,0.47
2025-04-21,2.19,2.0
2025-04-22,2.183,-0.32
2025-04-23,2.215,1.47
2025-04-24,2.211,-0.18
2025-04-25,2.22,0.41
2025-04-28,2.208,-0.54
2025-04-29,2.188,-0.91
2025-04-30,2.192,0.18
2025-05-06,2.22,1.28
2025-05-07,2.227,0.32
2025-05-08,2.239,0.54
2025-05-09,2.23,-0.4
2025-05-12,2.272,1.88
2025-05-13,2.276,0.18
2025-05-14,2.274,-0.09
2025-05-15,2.24,-1.5
2025-05-16,2.249,0.4
2025-05-19,2.248,-0.04
2025-05-20,2.254,0.27
2025-05-21,2.272,0.8
2025-05-22,2.264,-0.35
2025-05-23,2.25,-0.62
2025-05-26,2.217,-1.47
2025-05-27,2.193,-1.08
2025-05-28,2.178,-0.68
2025-05-29,2.195,0.78
2025-05-30,2.172,-1.05
2025-06-03,2.165,-0.32
2025-06-04,2.175,0.46
2025-06-05,2.179,0.18
2025-06-06,2.175,-0.18
2025-06-09,2.182,0.32
2025-06-10,2.179,-0.14
2025-06-11,2.203,1.1
2025-06-12,2.204,0.05
2025-06-13,2.188,-0.73
2025-06-16,2.179,-0.41
2025-06-17,2.181,0.09
2025-06-18,2.193,0.55
2025-06-19,2.169,-1.09
2025-06-20,2.163,-0.28
2025-06-23,2.173,0.46
2025-06-24,2.214,1.89
2025-06-25,2.243,1.31
2025-06-26,2.218,-1.11
2025-06-27,2.22,0.09
2025-06-30,2.239,0.86
2025-07-01,2.23,-0.4
2025-07-02,2.236,0.27
2025-07-03,2.27,1.52
2025-07-04,2.253,-0.75
2025-07-07,2.243,-0.44
2025-07-08,2.279,1.6
2025-07-09,2.274,-0.22
2025-07-10,2.273,-0.04
2025-07-11,2.266,-0.31
2025-07-14,2.276,0.44
2025-07-15,2.273,-0.13
2025-07-16,2.271,-0.09
2025-07-17,2.291,0.88
2025-07-18,2.287,-0.17
2025-07-21,2.309,0.96
2025-07-22,2.329,0.87
2025-07-23,2.316,-0.56
2025-07-24,2.345,1.25
2025-07-25,2.337,-0.34
2025-07-28,2.335,-0.09
2025-07-29,2.346,0.47
2025-07-30,2.314,-1.36
2025-07-31,2.264,-2.16
2025-08-01,2.277,0.57
2025-08-04,2.281,0.18
2025-08-05,2.301,0.88
2025-08-06,2.313,0.52
2025-08-07,2.299,-0.61
2025-08-08,2.32,0.91
2025-08-11,2.363,1.85
2025-08-12,2.387,1.02
2025-08-13,2.4,0.54
2025-08-14,2.375,-1.04
2025-08-15,2.436,2.57
2025-08-18,2.436,0.0
2025-08-19,2.444,0.33
2025-08-20,2.473,1.19
2025-08-21,2.461,-0.49
2025-08-22,2.503,1.71
2025-08-25,2.557,2.16
2025-08-26,2.547,-0.39
2025-08-27,2.501,-1.81
2025-08-28,2.534,1.32
2025-08-29,2.604,2.76
2025-09-01,2.63,1.0
2025-09-02,2.619,-0.42
2025-09-03,2.678,2.25
2025-09-04,2.676,-0.07
2025-09-05,2.85,6.5
2025-09-08,2.897,1.65
2025-09-09,2.877,-0.69
2025-09-10,2.827,-1.74
2025-09-11,2.892,2.3
2025-09-12,2.873,-0.66
2025-09-15,2.941,2.37
2025-09-16,2.97,0.99
2025-09-17,3.02,1.68
2025-09-18,2.987,-1.09
2025-09-19,2.977,-0.33
2025-09-22,2.993,0.54
2025-09-23,3.024,1.04
2025-09-24,3.094,2.31
2025-09-25,3.133,1.26
2025-09-26,3.096,-1.18
2025-09-29,3.22,4.01
2025-09-30,3.3,2.48
2025-10-09,3.337,1.12
2025-10-10,3.194,-4.29
2025-10-13,3.18,-0.44
2025-10-14,3.077,-3.24
2025-10-15,3.157,2.6
2025-10-16,3.177,0.63
2025-10-17,3.026,-4.75
2025-10-20,3.055,0.96
2025-10-21,3.111,1.83
2025-10-22,3.067,-1.41
2025-10-23,3.105,1.24
2025-10-24,3.17,2.09
2025-10-27,3.208,1.2
2025-10-28,3.207,-0.03
2025-10-29,3.358,4.71
2025-10-30,3.371,0.39
2025-10-31,3.356,-0.44
2025-11-03,3.392,1.07
2025-11-04,3.309,-2.45
2025-11-05,3.385,2.3
2025-11-06,3.452,1.98
2025-11-07,3.47,0.52
2025-11-10,3.416,-1.56
2025-11-11,3.398,-0.53
2025-11-12,3.326,-2.12
2025-11-13,3.454,3.85
2025-11-14,3.384,-2.03
2025-11-17,3.366,-0.53
2025-11-18,3.251,-3.42
2025-11-19,3.277,0.8
2025-11-20,3.227,-1.53
2025-11-21,3.099,-3.97
2025-11-24,3.092,-0.23
2025-11-25,3.135,1.39
2025-11-26,3.148,0.41
2025-11-27,3.147,-0.03
2025-11-28,3.189,1.33
2025-12-01,3.204,0.47
2025-12-02,3.18,-0.75
2025-12-03,3.158,-0.69
2025-12-04,3.177,0.6
2025-12-05,3.216,1.23
2025-12-08,3.244,0.87
2025-12-09,3.224,-0.62
2025-12-10,3.208,-0.5
2025-12-11,3.196,-0.37
2025-12-12,3.2,0.13
2025-12-15,3.165,-1.09
2025-12-16,3.094,-2.24
2025-12-17,3.168,2.39
2025-12-18,3.115,-1.67
2025-12-19,3.135,0.64
2025-12-22,3.161,0.83
2025-12-23,3.189,0.89
2025-12-24,3.199,0.31
2025-12-25,3.219,0.63
2025-12-26,3.289,2.17
2025-12-29,3.251,-1.16
2025-12-30,3.27,0.58
2025-12-31,3.231,-1.19
2026-01-05,3.285,1.67
2026-01-06,3.314,0.88
2026-01-07,3.322,0.24
2026-01-08,3.308,-0.42
2026-01-09,3.35,1.27
2026-01-12,3.338,-0.36
2026-01-13,3.31,-0.84
2026-01-14,3.317,0.21
2026-01-15,3.334,0.51
2026-01-16,3.377,1.29
2026-01-19,3.437,1.78
2026-01-20,3.369,-1.98
2026-01-21,3.393,0.71
2026-01-22,3.373,-0.59
2026-01-23,3.478,3.11
2026-01-26,3.432,-1.32
2026-01-27,3.434,0.06
2026-01-28,3.412,-0.64
2026-01-29,3.377,-1.03
2026-01-30,3.34,-1.1
2026-02-02,3.283,-1.71
2026-02-03,3.409,3.84
2026-02-04,3.462,1.55
2026-02-05,3.349,-3.26
2026-02-06,3.391,1.25
2026-02-09,3.477,2.54
2026-02-10,3.468,-0.26
2026-02-11,3.47,0.06
2026-02-12,3.526,1.61
2026-02-13,3.446,-2.27
2026-02-24,3.493,1.36
2026-02-25,3.517,0.69
2026-02-26,3.497,-0.57
2026-02-27,3.482,-0.43
2026-03-02,3.485,0.09
2026-03-03,3.421,-1.84
2026-03-04,3.407,-0.41
2026-03-05,3.434,0.79
2026-03-06,3.428,-0.17
2026-03-09,3.443,0.44
2026-03-10,3.511,1.98
2026-03-11,3.603,2.62
2026-03-12,3.62,0.47
2026-03-13,3.633,0.36
2026-03-16,3.589,-1.21
2026-03-17,3.518,-1.98
2026-03-18,3.531,0.37
2026-03-19,3.45,-2.29
2026-03-20,3.509,1.71
2026-03-23,3.455,-1.54
2026-03-24,3.47,0.43
2026-03-25,3.517,1.35
2026-03-26,3.514,-0.09
2026-03-27,3.531,0.48
2026-03-30,3.524,-0.2
2026-03-31,3.459,-1.84
2026-04-01,3.449,-0.29
2026-04-02,3.415,-0.99
2026-04-03,3.359,-1.64
2026-04-07,3.327,-0.95
2026-04-08,3.428,3.04
2026-04-09,3.409,-0.55
2026-04-10,3.496,2.55
2026-04-13,3.505,0.26
2026-04-14,3.558,1.51
2026-04-15,3.527,-0.87
2026-04-16,3.624,2.75
2026-04-17,3.613,-0.3
2026-04-20,3.635,0.61
2026-04-21,3.657,0.61
2026-04-22,3.676,0.52
2026-04-23,3.638,-1.03
2026-04-24,3.686,1.32
2026-04-27,3.681,-0.14
2026-04-28,3.609,-1.96
2026-04-29,3.698,2.47
2026-04-30,3.689,-0.24
2026-05-06,3.79,2.74
2026-05-07,3.797,0.18
2026-05-08,3.743,-1.42
2026-05-11,3.764,0.56
2026-05-12,3.716,-1.28
2026-05-13,3.736,0.54
2026-05-14,3.644,-2.46
2026-05-15,3.623,-0.58
